{
    "robot": [[-0.40, -0.37], [-0.40, 0.37], [0.70, 0.37], [0.70, -0.37]],
    "cleaning_gadget": [[0.15, 0.30], [0.15, -0.36]],
    "path": [
    [
        0.0016889672245507992,
        0.0016089301433120015
    ],
    [
        0.001795164607426424,
        0.001580064877767727
    ],
    [
        0.006968273081576483,
        -0.0009028017676355396
    ],
    [
        0.008219277096210054,
        0.0023056266617176814
    ],
    [
        0.013573194607948315,
        -0.0006649645548036065
    ],
    [
        0.02083319801768042,
        0.0014758024198144942
    ],
    [
        0.027870425267006303,
        0.003292814044164926
    ],
    [
        0.035956449425292185,
        0.002381524061510431
    ],
    [
        0.042694985348928564,
        0.0060269959108678545
    ],
    [
        0.051733821417152076,
        0.00875602075584881
    ],
    [
        0.05942461206304785,
        0.015128400920520282
    ],
    [
        0.07047286125333313,
        0.02358018302158468
    ],
    [
        0.07973181383146095,
        0.03223498156050187
    ],
    [
        0.09111110549906799,
        0.0397097058167035
    ],
    [
        0.10167701120188802,
        0.04823535713309768
    ],
    [
        0.11435403209193898,
        0.06064299519655047
    ],
    [
        0.12550169918818602,
        0.0761291526796482
    ],
    [
        0.1386503865844672,
        0.09160198417876095
    ],
    [
        0.14849228184772373,
        0.11049518932624842
    ],
    [
        0.16078046219226502,
        0.13122232944172404
    ],
    [
        0.16908162128217386,
        0.1527851000586356
    ],
    [
        0.17905704539674647,
        0.1787181951908796
    ],
    [
        0.18944660050763332,
        0.20640163203883072
    ],
    [
        0.19608016175934945,
        0.23383927838914717
    ],
    [
        0.19976436833618827,
        0.2660467940446697
    ],
    [
        0.20346534430636184,
        0.29785710009215416
    ],
    [
        0.2027566048202566,
        0.33084455635297394
    ],
    [
        0.20307100484940668,
        0.3841485865283983
    ],
    [
        0.1960851959669175,
        0.44063760615642045
    ],
    [
        0.1972129167111717,
        0.5020763903013687
    ],
    [
        0.14959650449101464,
        0.7030922620310083
    ],
    [
        0.1046734173283708,
        0.9047437061846365
    ],
    [
        0.06669221879193729,
        1.114591304468914
    ],
    [
        0.035037262394847814,
        1.3135754650571358
    ],
    [
        0.01832258596671223,
        1.5252745073393235
    ],
    [
        0.008291121643918004,
        1.7458361799605295
    ],
    [
        -0.0017647044732980852,
        1.9746464364124088
    ],
    [
        -0.007055987182227238,
        2.177733889190569
    ],
    [
        -0.0030932688534816098,
        2.380677499220467
    ],
    [
        -0.0019448220182260107,
        2.585592326912063
    ],
    [
        -0.0022220443014268074,
        2.7900447063056477
    ],
    [
        -0.0127222175721277,
        3.00632505307417
    ],
    [
        -0.020938360124582635,
        3.218815880629638
    ],
    [
        -0.025961579171564542,
        3.4319110326331184
    ],
    [
        -0.038314431867040394,
        3.6562008365360215
    ],
    [
        -0.04618096565923925,
        3.8881004522899567
    ],
    [
        -0.055393513270458855,
        4.103865386714457
    ],
    [
        -0.07229348801850013,
        4.305907956749592
    ],
    [
        -0.08938245575987859,
        4.5275876028367925
    ],
    [
        -0.11078642592194997,
        4.743646969931913
    ],
    [
        -0.13809143495632234,
        4.8961121125375415
    ],
    [
        -0.16096524034269014,
        5.018550057328331
    ],
    [
        -0.18543510485854994,
        5.114067702650274
    ],
    [
        -0.21117282983491814,
        5.198897972836809
    ],
    [
        -0.24163290819082364,
        5.261054896326553
    ],
    [
        -0.257716446730297,
        5.301261216497681
    ],
    [
        -0.28612773384201645,
        5.351252137390483
    ],
    [
        -0.30650450098946713,
        5.38206571770498
    ],
    [
        -0.34541934299320926,
        5.425696620372584
    ],
    [
        -0.36939900929985214,
        5.45372006112197
    ],
    [
        -0.3940542461038833,
        5.473400495998347
    ],
    [
        -0.42252748886161196,
        5.493957981876238
    ],
    [
        -0.4567873312844224,
        5.5102693337853035
    ],
    [
        -0.4695632042564446,
        5.519978956816946
    ],
    [
        -0.49787804277986697,
        5.533477449322495
    ],
    [
        -0.5239643466784758,
        5.545276781070297
    ],
    [
        -0.5536396642314863,
        5.557192204078337
    ],
    [
        -0.5811912366458052,
        5.566103355898654
    ],
    [
        -0.6090363416680171,
        5.575379774747336
    ],
    [
        -0.6423085705205468,
        5.576817424099389
    ],
    [
        -0.6682989033807784,
        5.578911636900302
    ],
    [
        -0.6974439410619684,
        5.576307949446159
    ],
    [
        -0.7228586073588631,
        5.571980268862442
    ],
    [
        -0.7512877325711145,
        5.5655843013593325
    ],
    [
        -0.7747751699323997,
        5.5591358193614555
    ],
    [
        -0.8030785076688257,
        5.549743642417958
    ],
    [
        -0.8271365056319654,
        5.536233099394072
    ],
    [
        -0.8485945785164386,
        5.523275402851995
    ],
    [
        -0.870870550992688,
        5.508556655082012
    ],
    [
        -0.8847461390669223,
        5.495650638244462
    ],
    [
        -0.9019215590865336,
        5.4801971620510415
    ],
    [
        -0.9165391051202244,
        5.462957114427328
    ],
    [
        -0.9305318770521264,
        5.447923265994293
    ],
    [
        -0.9416894611217408,
        5.431662312543253
    ],
    [
        -0.9557322724011745,
        5.4040760535250145
    ],
    [
        -0.9645457939882219,
        5.385135097819191
    ],
    [
        -0.9794796395370506,
        5.358291485366892
    ],
    [
        -0.9842623583143265,
        5.3402117501418065
    ],
    [
        -0.994405968210576,
        5.312265109122329
    ],
    [
        -1.0011890854416805,
        5.282680199667379
    ],
    [
        -1.004363083635343,
        5.252212702192086
    ],
    [
        -1.0080837836679188,
        5.222939980179181
    ],
    [
        -1.007939890607616,
        5.182039650084106
    ],
    [
        -1.0047901847464562,
        5.128358367808648
    ],
    [
        -0.9839187585988969,
        4.970284586221518
    ],
    [
        -0.9542418279454562,
        4.769275094029172
    ],
    [
        -0.9346986315846759,
        4.567787325516232
    ],
    [
        -0.91579198202675,
        4.346803388800241
    ],
    [
        -0.8976345892906905,
        4.125362943861532
    ],
    [
        -0.8943314464611172,
        3.912186650914826
    ],
    [
        -0.8885460478829509,
        3.6937636280281754
    ],
    [
        -0.8911483681023961,
        3.478777161140812
    ],
    [
        -0.8887600096329422,
        3.2586579531503213
    ],
    [
        -0.8818701528257377,
        3.05838332856926
    ],
    [
        -0.875695573348648,
        2.841426968993843
    ],
    [
        -0.8695086212909925,
        2.622072184808974
    ],
    [
        -0.8652559310896469,
        2.3950060864010756
    ],
    [
        -0.8654974556395377,
        2.192136254801931
    ],
    [
        -0.8595527251010338,
        1.9852531064657017
    ],
    [
        -0.8473190982009541,
        1.7746562606638958
    ],
    [
        -0.8427419584097114,
        1.5697434231301692
    ],
    [
        -0.8361669536459364,
        1.3503766029843354
    ],
    [
        -0.8225988233502002,
        1.1361525673797728
    ],
    [
        -0.8034586748550993,
